Name,Age,City,Salary,Department
John,30,New York,60000,Engineering
Jane,25,Boston,55000,Engineering
Alice,40,Seattle,70000,Management
Bob,35,Chicago,50000,Support
Eve,28,San Francisco,72000,Engineering
Charlie,50,Boston,80000,Management
Grace,32,Seattle,60000,Support
Mike,29,Chicago,45000,Support
Anna,33,New York,67000,Engineering
Tom,41,Boston,52000,Support
David,30,Austin,80000,Engineering
Nina,26,Chicago,47000,Support
Samuel,38,Seattle,65000,Management
Zoe,45,San Francisco,75000,Support
Lucy,32,Boston,55000,Support
Oscar,36,New York,72000,Engineering
Mia,31,Seattle,65000,Management
James,28,Chicago,49000,Support
Lily,35,Boston,54000,Engineering
Emma,29,Austin,53000,Support
Jack,40,San Francisco,80000,Engineering
Megan,33,Seattle,60000,Management
Leo,38,Chicago,70000,Engineering
Sophie,27,San Francisco,48000,Support
Finn,39,Boston,65000,Engineering
Liam,33,Seattle,70000,Management
Ella,28,New York,49000,Support
Oliver,32,Chicago,65000,Engineering
Ava,31,Austin,57000,Support
Isabella,37,San Francisco,80000,Management
Chloe,29,Boston,50000,Support
Elijah,33,New York,67000,Engineering
Benjamin,30,Seattle,64000,Support
Mason,41,Chicago,59000,Management
Layla,36,Austin,72000,Engineering
Lucas,32,San Francisco,67000,Support
Sophia,27,New York,58000,Support
Amelia,34,Boston,65000,Management
Ethan,28,Seattle,56000,Support
Caleb,30,Austin,64000,Engineering
Landon,38,Chicago,70000,Management
Charlotte,32,San Francisco,75000,Support
Harper,29,New York,52000,Support
Madeline,27,Boston,48000,Engineering
Aiden,40,Seattle,80000,Management
Harley,31,Chicago,60000,Support
Archer,35,Austin,73000,Engineering
Audrey,28,San Francisco,64000,Support
Ella,33,New York,66000,Management
Scarlett,34,Seattle,75000,Engineering
Nora,32,Boston,67000,Support
Caden,39,Chicago,72000,Engineering
Lilly,41,San Francisco,70000,Management
Gabriel,29,Austin,51000,Support
Joseph,36,Seattle,75000,Engineering
Nathalie,31,New York,55000,Support
Xander,37,Chicago,62000,Engineering
Benjamin,33,Boston,67000,Management
Reagan,34,San Francisco,72000,Support
Max,29,Seattle,68000,Engineering
Addison,30,New York,54000,Support
Zara,28,Chicago,50000,Management
Harrison,38,San Francisco,75000,Engineering
Theo,41,Austin,65000,Support
Avery,32,Seattle,71000,Management
Caleb,40,Boston,60000,Support
Jameson,33,New York,65000,Engineering
Wyatt,31,Chicago,48000,Management
Piper,29,San Francisco,72000,Support
Nolan,32,Seattle,68000,Engineering
Elliot,28,Austin,55000,Management
Ruby,39,Chicago,60000,Support
Milo,35,San Francisco,70000,Engineering
Logan,29,New York,54000,Management
Bailey,34,Seattle,65000,Support
Madeline,38,Chicago,55000,Engineering
Zoe,33,Austin,48000,Support
Maddox,28,San Francisco,70000,Engineering
Ariana,31,New York,50000,Support
Colton,32,Seattle,72000,Management
Grayson,41,Chicago,67000,Engineering
Riley,35,Austin,73000,Support
Sienna,30,San Francisco,60000,Engineering
Matthew,33,New York,67000,Management
Addison,28,Chicago,51000,Support
Elliott,30,San Francisco,68000,Engineering
Grace,27,Seattle,65000,Management
John,41,Boston,59000,Support
Dylan,38,New York,72000,Engineering
Zoe,33,San Francisco,70000,Support
Harper,32,Chicago,64000,Management
Jonah,35,Austin,62000,Engineering
Mackenzie,28,Seattle,51000,Support
Jaxon,37,New York,74000,Management
Eli,31,San Francisco,65000,Engineering
Parker,33,Chicago,58000,Support
Chase,40,Seattle,67000,Engineering
Violet,29,New York,62000,Management
Lucas,30,San Francisco,50000,Support
Kennedy,33,Chicago,59000,Engineering
Joseph,38,Austin,67000,Management
Charlie,41,Seattle,64000,Support
Asher,36,New York,60000,Engineering
Hailey,30,San Francisco,67000,Support
Megan,28,Boston,72000,Engineering
Xander,33,New York,75000,Support
Jordan,31,Seattle,58000,Engineering
